{"prefs":{"xUnitsIsPixel":true,"yUnitsIsPixel":true},"texts":[{"text":"Victor","bounds":{"x":104.173228346457,"y":384.207125984282,"width":89.6614520802527,"height":23.9818503936704},"fontFamily":"LaurenScript","fontStyleName":"Regular","pointSize":16.77590788222,"verticalAlign":"ALIGN_EM_CENTER","horizontalAlign":"CENTER_ALIGN","color":"#f39ea6"},{"text":"Mathilde","bounds":{"x":103.988171597669,"y":351.496062992126,"width":89.6614520802527,"height":23.9818503936704},"fontFamily":"LaurenScript","fontStyleName":"Regular","pointSize":16.77590788222,"verticalAlign":"ALIGN_EM_CENTER","horizontalAlign":"CENTER_ALIGN","color":"#f39ea6"},{"text":"Merci%20pour%20votre%20pr%E9sence%2C%20vos%20sourires%2C%20%0Dvos%20d%E9licates%20attentions.%20%0DNous%20y%20avons%20%E9t%E9%20tr%E8s%20sensibles.%20%0D%0DGr%E2ce%20%E0%20vous%2C%20cette%20journ%E9e%20restera%20%E0%20jamais%20grav%E9e%20%0Ddans%20nos%20coeurs...%20%0D%0DAffectueusement%2C%20","bounds":{"x":38.0247974708482,"y":219.685039370079,"width":221.892720199945,"height":117.788257289886},"fontFamily":"MKorsair","fontStyleName":"Regular","pointSize":12,"verticalAlign":"ALIGN_EM_CENTER","horizontalAlign":"CENTER_ALIGN","color":"#7b7b7a"}],"overlay":[{"bounds":{"x":41.8874409448819,"y":16.4803149606299,"width":213.862913385827,"height":77},"name":"overlay-0"},{"bounds":{"x":42.0397008779074,"y":102.466110893882,"width":213.862913385827,"height":112.677165354331},"name":"overlay-1"}]}
