{"prefs":{"xUnitsIsPixel":true,"yUnitsIsPixel":true},"texts":[{"text":"Victor","bounds":{"x":41.1145275590551,"y":105.365225827853,"width":215.73874015748,"height":30.11686321492},"fontFamily":"LaurenScript","fontStyleName":"Regular","pointSize":29,"verticalAlign":"ALIGN_EM_CENTER","horizontalAlign":"CENTER_ALIGN","color":"#f39ea6"},{"text":"Mathilde","bounds":{"x":41.1145275590551,"y":58.3646700485398,"width":215.73874015748,"height":30.11686321492},"fontFamily":"LaurenScript","fontStyleName":"Regular","pointSize":29,"verticalAlign":"ALIGN_EM_CENTER","horizontalAlign":"CENTER_ALIGN","color":"#f39ea6"},{"text":"R%E9ponse%20souhait%E9e%20avant%20le%201er%20Juin","bounds":{"x":70.0271526646853,"y":377.862229340093,"width":150,"height":11.4173228346456},"fontFamily":"MKorsair","fontStyleName":"Regular","pointSize":9,"verticalAlign":"ALIGN_EM_CENTER","horizontalAlign":"CENTER_ALIGN","color":"#f39ea6"},{"text":"Mathilde%20Davillet%20%26%20Victor%20Luciaut%0D","bounds":{"x":70.0271526646853,"y":402.001560048725,"width":150,"height":11.4173228346457},"fontFamily":"MKorsair","fontStyleName":"Regular","pointSize":9,"verticalAlign":"ALIGN_EM_CENTER","horizontalAlign":"CENTER_ALIGN","color":"#7b7b7a"},{"text":"%E0%20partir%20de%2012h00","bounds":{"x":68.6098298300397,"y":336.250245720761,"width":150,"height":17.8243308101606},"fontFamily":"MKorsair","fontStyleName":"Regular","pointSize":15,"verticalAlign":"ALIGN_EM_CENTER","horizontalAlign":"CENTER_ALIGN","color":"#f39ea6"},{"text":"Ch%E2teau%20de%20Vrigny","bounds":{"x":22.6771653543308,"y":308.25936675781,"width":244.488188976378,"height":30.11686321492},"fontFamily":"MKorsair","fontStyleName":"Regular","pointSize":26,"verticalAlign":"ALIGN_EM_CENTER","horizontalAlign":"CENTER_ALIGN","color":"#f39ea6"},{"text":"du%20mariage%20au%20%0D","bounds":{"x":70.0271526646853,"y":285.480030795013,"width":150,"height":7.57920273719674},"fontFamily":"Big Caslon","fontStyleName":"Medium","pointSize":9,"verticalAlign":"ALIGN_EM_CENTER","horizontalAlign":"CENTER_ALIGN","color":"#7b7b7a"},{"text":"53%2C%20Rue%20de%20la%20Bellevilloise%2075019%20Paris","bounds":{"x":45.8240298173559,"y":413.41888288337,"width":198.90312146765,"height":11.4173228346456},"fontFamily":"MKorsair","fontStyleName":"Regular","pointSize":9,"verticalAlign":"ALIGN_EM_CENTER","horizontalAlign":"CENTER_ALIGN","color":"#f39ea6"}],"overlay":false}
